time,tweet,CleanTweets
2020-12-17 05:05:14+00:00,"@ninja_xpress_id @ShopeeID Min bisa cek resi saya dr kemarin ga gerak2
TKNX658045319-0 itu resinya",administrator bisa cek resi kemarin tidak gerak
2020-10-31 04:35:15+00:00,"@ninja_xpress_id @ShopeeID Min, mohon reply DM saya",administrator mohon balas pesan langsung
2020-12-19 23:30:54+00:00,"@ninja_xpress_id @ShopeeID Min, mohon di cek, resi saya yang ini SHP6467342218 dari kemarin lusa tidak ada pergerakan. Terima kasih.",administrator mohon cek resi kemarin lusa tidak gerak terima kasih
2020-10-29 00:26:49+00:00,@zeusjaeyoung @ShopeeID @ninja_xpress_id Amiiinn doainn yaağŸ˜­ğŸ˜­,amin ya
2020-10-21 22:23:47+00:00,"BROOOO
Paket gw kemana dah? Ini udah dua hari blm gw terima sampe gw lupa dan di shopee udh auto received.
Who the heck is bambang? None of my family is bambang.

Tuh, resinya udah gua cantumin sekalian.
Gw minta tanggung jawab ya.

@ninja_xpress_id https://t.co/elAxGm9XkD",bang paket mana sudah sudah hari belum terima sampai lupa shopee sudah bambang bambang sudah tanggung jawab ya
2020-09-10 05:08:42+00:00,@acitiar @ShopeeID @ninja_xpress_id barangnya jgn di klik sudah diterima dulu cit trus cek resi manual aja di google,barang jangan klik sudah terima dulu cit cek resi manual saja google
2022-03-14 12:59:11+00:00,"barang kali ada owner GO yang masih nyari admin packing, rekap, atau ada yang mau nitip paketnya dirumahku juga bisaa.

aku dom tangerang, deket ekspedisi jnt, jne, sicepat, antaraja, shopee xpress, id express, ninja xpress. kalau mau liat shopeeku bisa cek pinned yaa. thank you!",barang kali milik cari administrator emas mau titip paket bisa domisili tangerang dekat ekspedisi jnt jne sicepat shopee id express ninja mau lihat bisa cek ya terima kasih
2021-10-07 03:23:02+00:00,"UPDATE: ternyata paket gue RUSAK di perjalanan dan baru ada yang hubungin gue setelah dikomplain via email :) ga usah pake @ninja_xpress_id please @ShopeeID nunggu 5 hari tau-tau ga bisa dapet barangnya, harus ngajuin pengembalian dana sendiri pula (yang ga tau kapan diacc-nya) https://t.co/kVCM3fHhK7",baru paket rusak jalan baru hubung email tidak pakai tolong tunggu hari tahu tahu tidak bisa barang aju kembali dana sendiri tidak tahu nya
2020-10-28 07:45:28+00:00,Belanja di @ShopeeID nyoba make kurir ninja express @ninja_xpress_id udah 3 hari kok paket masih stuck di kota pengirim ya? Tolong dong @ShopeeCare gimana ini? https://t.co/GGAFuFR5lb,belanja coba pakai kurir ninja express sudah hari paket macet kota kirim ya tolong
2021-12-17 06:33:52+00:00,"@jogmfs blm semuağŸ¥² yg udah baru yg pake shopee xpress, id xpress, anteraja. dari kmrn ga jalan dari tempat sortirnya masa :-(",belum sudah baru pakai shopee id anteraja kemarin tidak jalan tempat
2021-10-04 15:39:59+00:00,@ninja_xpress_id apakah benar tarif di @shopeeID ? https://t.co/5XUzkwsJs1,benar tarif
2021-05-23 05:35:14+00:00,"Kebetulan juga, hari ini saya terima e-mail Informasi dr @ninja_xpress_id bahwa paket pesanan saya dihilangkan mitra mereka. Via telpon @ShopeeID menyampaikan permohonan maaf &amp; menyarankan saya untuk mengajukan pengembalian dana via aplikasi &amp; paling lambat 25/5/2021 dana akan",betul hari terima informasi paket pesan hilang mitra telepon mohon maaf saran aju kembali dana aplikasi lambat dana
2021-10-13 10:07:40+00:00,"@ninja_xpress_id dan ini tuh bukti kalau paket sy sdh diterima dicounter kalian.

haduh, pls lah @ShopeeID @ShopeeCare evaluasi lg ekspedisi rekanan kalian. jgn cm krn murah, servicenya jd murahan!

mau pengaduan ke cs, sm cs nya mlh disuruh kirim bukti serah terima barang ini itu. https://t.co/obXQeFejAm",bukti paket sudah terima aduh tolong evaluasi ekspedisi rekan jangan murah murah mau adu layan langgan layan langgan nya suruh kirim bukti serah terima barang
2021-10-25 21:16:13+00:00,"@ionhearsumn @sicepat_ekspres @jntexpressid @JNE_ID @anteraja_id @ninja_xpress_id @idexpress_care Bulan september aku pesan baju di shopee, pake ekspedisi JnT.
Nyampe kosan emang ga rusak barangnya, cuman bungkusnya beneran kebuka, dan keliatan bgt disobek ğŸ™„ğŸ™„ğŸ™„",bulan september pesan baju shopee pakai ekspedisi jnt sampai memang tidak rusak barang benar sekali sobek
2021-12-20 06:14:11+00:00,@ninja_xpress_id di cek di shopee juga ga gerakâ€. ini gimana ya kok lama banget ga sampeâ€ barangnya. tolong segera di respon. https://t.co/daAtFx5LJy,cek shopee tidak gerak ya lama banget tidak sampai barang tolong segera respons
2021-11-02 03:33:27+00:00,"@dagangkorea Deket banyak ekspedisi shopee xpress, id express, j&amp;t, Jne, Ninja",dekat banyak ekspedisi shopee id express jnt jne ninja
2021-03-22 05:37:31+00:00,Luar biasa lemotnya @ninja_xpress_id. ğŸ˜“ğŸ˜“ Gara gara @ShopeeID menghapus pilihan jasa pengiriman. The worst!,gara gara hapus pilih jasa kirim buruk
2020-10-16 11:49:42+00:00,"@ninja_xpress_id @ShopeeCare 
Hi Ninja Express, Shopee
Pesanan Saya No. 201016EKW3CQST, Resi SHP 1565168262 Belum di pickup,
Barang sudah saya packing dari pagi, alasan paket belum siap diambil,
Buyer saya kecewa beranggapan saya lama packing barang,",hai ninja express shopee pesan nomor resi belum ambil barang sudah emas pagi alas paket belum ambil beli kecewa anggap lama emas barang
2020-09-19 08:57:48+00:00,"@ninja_xpress_id @ShopeeID Hai Ninja Xpress, Paket saya dari Bandung Jawa Barat, mulai tanggal 10, sampai sekarang tanggal 18 belum sampai juga ke Sumatera Utara. Dan sialnya, pihak Ninja mengklaim bahwa paket saya telah berada di Lubuklinggau(Sumatera Selatan). Tolong solusinya",hai ninja paket bandung jawa barat tanggal sampai tanggal belum sampai sumatera utara ninja klaim paket sumatera selatan tolong
2020-11-09 07:41:51+00:00,"@ninja_xpress_id @ShopeeID Halo admin @ninja_xpress_id paket dengan no resi SHP5886645312 kenapa ga gerak2 di @ShopeeID sejak tgl 3? Saya sudah tanya via IG ga dibales, tanya via komen FB malah dihapus. Gimana nih?",halo administrator paket nomor resi tidak gerak tanggal sudah tanya instagram tidak balas tanya facebook hapus
2021-04-12 23:17:37+00:00,"@ninja_xpress_id hallo, Saya Beli barang Via Shopee dari tgl 10 April, sampai sekarang kata Sellernya belum juga di pick up sama kurir. Kenapa ya? Lagi tersendat sdm atau gimana?",halo beli barang shopee tanggal april sampai belum ambil kurir ya lagi sendat
2020-10-17 03:32:23+00:00,"@ninja_xpress_id @ShopeeCare @ShopeeID 
Hallo Ninja Express, Shopee

Kok paketan saya belum di pickup,
tolong info drop point di semarang biar saya drop, https://t.co/i8hfXFUKLZ",halo ninja express shopee paket belum ambil tolong informasi drop semarang biar drop
2020-11-06 04:12:10+00:00,"@urneedyyyy @ShopeeID @ninja_xpress_id @ShopeeCare 6 hari alhamdulillah sampai, sepertinya input tracking nya masih manual, jadi posisi paket gak bisa di cek secara real time, klo pket udah sampai di Kabupaten tujuan baru ada notif lagi.",hari alhamdulillah sampai lacak nya manual posisi paket tidak bisa cek real paket sudah sampai kabupaten tuju baru notifikasi lagi
2021-06-26 16:34:21+00:00,@ninja_xpress_id hari minggu ada pengiriman paket ga ya? btw status d shopee sejak tanggal 24 masi stuck aja? atau emg ga ke update?atau emg masi ke hold ya,hari minggu kirim paket tidak ya omong omong status shopee tanggal macet saja memang tidak baru memang ya
2020-08-17 15:21:11+00:00,"Disaat dlivery jkt-mes @tokopedia ft @anteraja_id  bisa 2 hari @ShopeeID ft @jntexpressid  3 hari,eh @LazadaID ft @ninja_xpress_id 7 hari gk gerak,apa mrka gk knal dgn tknologi yg namanya psawat? Masih loncat antar pohon kyk naruto? Sayang gk bisa pilih ekspedisi dr lazmall https://t.co/8T0ry0v7Et",jakarta pesan bisa hari hari eh hari tidak gerak tidak kenal nama loncat antar pohon sayang tidak bisa pilih ekspedisi
2022-04-04 03:56:58+00:00,@ninja_xpress_id kak bilangin dong ke temennya si shopee,kak bilang teman si shopee
2020-12-25 05:22:23+00:00,@DemeteruDesu @ninja_xpress_id @ShopeeID Sama saya juga mbağŸ˜­,kakak
2021-04-04 04:13:45+00:00,"Kemarin sempet beli di shopee pake jasa pengiriman @ninja_xpress_id , singkatnya barang belum sampai kerumah tapi status shopee sudah diterima oleh saya sendiri, mkir positif mungkin masih dijalan barangnya",kemarin beli shopee pakai jasa kirim barang belum sampai rumah status shopee sudah terima sendiri pikir positif jalan barang
2020-07-30 00:40:37+00:00,"@ninja_xpress_id @SHOPEE Pengiriman lazada dari tg pinang ke anambas koq macet, banyak yang menunggu paketnya untuk lebaran haji",kirim lazada pinang macet banyak tunggu paket lebaran haji
2021-12-13 14:41:10+00:00,@ninja_xpress_id Tapi aku kurirnya shopee bang,kurir shopee bang
2022-04-08 06:21:04+00:00,"kurir shopee Xpress, id express sm anteraja muak kali ya nganter ke rumahku terus ğŸ˜­",kurir shopee id express anteraja muak kali ya antar rumah
2021-08-28 02:18:45+00:00,"@ninja_xpress_id lama banget sumpah belum di pick up aja udah dua hari, lagian di shopee nya gabisa ganti ekspedisi. syaland",lama banget sumpah belum ambil saja sudah hari shopee nya tidak bisa ganti ekspedisi
2021-10-13 10:08:32+00:00,"@ninja_xpress_id @ShopeeID @ShopeeCare cs nya atas nama susan/susana.
kalian perlu training lagi, spy dia tau etika ngomong sm customer tuh yg sopan!",layan langgan nya nama latih lagi tahu etika bicara langgan sopan
2021-03-07 03:53:03+00:00,"@ninja_xpress_id @TokopediaCare @tokopedia saya lokasi di manado,, beli barang di tokopedia filter yg ninja express kok ga muncul pilihan pas checkout ya ? klo pake @ShopeeID  bisa,, apa di tokopedia sistem ninja expressnya rusak apa gmn ? udah 1 tahun masalah ini,,",lokasi manado beli barang tokopedia filter ninja express tidak muncul pilih pas periksa pesan ya pakai bisa tokopedia sistem ninja rusak sudah tahun masalah
2020-10-29 00:53:39+00:00,"@Juliduwu @ShopeeID @ninja_xpress_id maap ya hyung jbjb
kode : 12283824
Pake kode ku biar kamu dapet 20000ğŸ’•ğŸ’•ğŸ’• 
https://t.co/MODKGmVjZS",maaf ya kak kode pakai kode ku biar
2021-04-15 10:04:51+00:00,@ninja_xpress_id Mantap min â¤ ^KC,mantap administrator
2021-11-20 06:27:50+00:00,@ninja_xpress_id trs tdnya aku mau ngomong sm mas masnya cuman keburu pergi jdnya gimana di shopee aku udah diterima tandanya. Padahal ini dr lazada loh https://t.co/71YI2kehET,mau bicara abang abang lanjur pergi shopee sudah terima tanda lazada loh
2020-08-20 14:54:54+00:00,"@ninja_xpress_id Saya mau tanya, paket saya sudah dikirim seller di shopee. Terus sudah masuk di kurir. Terus kurir ninja na malah telpon saya buat ganti pake uang aja karena barangnya ga tau mental kemana?

Kok bisa gitu yah min
Tolong penjelasannya
Ninjaxpress Pondok Ungu BKS",mau tanya paket sudah kirim jual shopee sudah masuk kurir kurir ninja nya telepon buat ganti pakai uang saja barang tidak tahu mental mana bisa begitu ya administrator tolong jelas pondok ungu
2020-10-29 00:26:08+00:00,@Aquarianwine @ShopeeID @ninja_xpress_id semoga dikabarin lanjutannya ya,moga lanjut ya
2020-12-21 03:45:03+00:00,"@ninja_xpress_id mohon bantuannya, paket lewat shopee saya belum kekirim. Dari tanggal 18 sampai sekarang belum datang, padahal sama jawatimur",mohon paket lewat shopee belum tanggal sampai belum datang
2022-02-09 07:49:01+00:00,"@ninja_xpress_id Mulai nya bingung miiin bagi caranya miin..
Buat shopee udah untuk jualan 
buat Instagram jualan jugak udah",nya bingung administrator buat shopee sudah jual buat instagram jual sudah
2021-11-17 11:03:47+00:00,"@tikagusnisa Yang pake jnt shopee xpress id xpress uda nyampe semua tik.
Anteraja doang ini yg belom, lama bener selak butuh e",pakai jnt shopee id sudah sampai tiki anteraja doang belum lama benar selak butuh
2021-07-14 15:10:04+00:00,@ninja_xpress_id kok paket saya balik lagi ke gudang ya? harusnya hari ini sudah sampai di rumah dan bahkan di shopee bilang kalau sudah di antar ke alamat penerima. bikin khawatir karena barang gampang patah. tolong responnya ya admin ğŸ™ğŸ»ğŸ™ğŸ» https://t.co/7Dw2JJsmxL,paket balik lagi gudang ya hari sudah sampai rumah shopee bilang sudah antar alamat terima buat khawatir barang gampang patah tolong respons ya administrator
2022-05-15 06:27:56+00:00,"@ninja_xpress_id @ShopeeID paket buyerku stuckkkkk udah lebih dari seminggu, di contact gaada kemajuan sama sekali. Gimana nih.. padahal biasanya pake ekspedisi ini baik2 aja loh, kok skrg malah bermasalah ga kayak ekspedisi lainnya. https://t.co/2Edo62L4Bg",paket macet sudah lebih minggu tidak maju sekali pakai ekspedisi baik saja loh masalah tidak ekspedisi lain
2021-05-31 03:31:01+00:00,@ninja_xpress_id @ShopeeID SHP0599560325 paket ane kok muter-muter di kota lain min?,paket putar putar kota lain administrator
2020-10-12 16:03:15+00:00,"@ninja_xpress_id @tokopedia Paketan gua dari shopee belum sampe sampe woi min, gimana sihhh",paket shopee belum sampai sampai hai administrator sih
2021-09-07 05:55:36+00:00,"@ninja_xpress_id paket saya di shopee ditulis sudah diterima, tapi saya ataupun tetangga sekitar saya tidak menerima paket saya sama sekali. bagaimana ya ini?",paket shopee tulis sudah terima tetangga tidak terima paket sekali ya
2021-09-02 19:45:55+00:00,"@ninja_xpress_id @ShopeeID 
Paket aku ga sampe sampe, udh 4 hari stuck terus di bekasi hadehh
Mohon maaf, shopee lain kali klo kerjasama sama expedisi yg terpercaya dan tanggung jawab",paket tidak sampai sampai sudah hari macet bekas mohon maaf shopee lain kali kerja ekspedisi percaya tanggung jawab
2022-03-30 15:15:06+00:00,"@novitriswan @Nerokumaaa @LazadaID @LazadaIDCare @ninja_xpress_id Iyaa ga usah gais baca aja tuh komen2nya kbanyakan brmasalah sama lzd, udah paling bener shopee, palagi tokped fullll gratong",peduli ya tidak baca saja sudah benar shopee tokopedia gratis ongkos kirim
2021-04-18 15:58:36+00:00,"@ShopeeCare DM td dari @shopeeid sdh sy baca. Sy menilai pelayanan dan solusi yg anda tawarkan sgt buruk dan tdk membantu. Jika sy hanya diminta nunggu paket diantar, ngga perlu sy hub anda dr kmrn. @ninja_xpress_id malah lbh parah, ngga respon samsek. kapok sy pake servis anda!",pesan langsung sudah baca nilai layan solusi buruk tidak bantu tunggu paket antar tidak hubung kemarin lebih parah tidak respons sekali kapok pakai servis
2021-10-13 09:59:56+00:00,"@ninja_xpress_id DM apa?
sy tlp brkali2 aja sy ga dpt solusi!
malah cs ninja minta bukti serah terima antara seller shopee ke kurir ninja spy bs dibantu pengecekan.
sy sbg customer/pembeli mana tau?
knp ga cb kontak aja agen/mitra kalian &amp; tnya knp paket org smp brhari2 statusnya msh di dropoint?",pesan langsung telepon saja tidak solusi layan langgan ninja bukti serah terima jual shopee kurir ninja bisa bantu kece langgan beli mana tahu tidak coba kontak saja agen mitra tanya paket orang sampai status
2021-03-24 10:59:12+00:00,"@ninja_xpress_id Selamat sore, CS Ninja Xpress.
Saya seller baru Shopee, untuk resi SHP8654193388 kapan bisa di pick up ya? Sudah dijadwalkan hari ini antara jam 1 siang sd jam 5 sore, tapi belum ada yang pick up. Boleh minta no kurir pick up yg pegang area Rancabungur, Kab Bogor",selamat sore layan langgan ninja jual baru shopee resi bisa ambil ya sudah hari jam siang jam sore belum ambil boleh nomor kurir ambil pegang area kabupaten bogor
2021-11-02 07:55:02+00:00,"@zarazettirazr @ninja_xpress_id Shopee jg sm adminnya ga interaktif, prnh 3x ga dibalas",shopee administrator tidak tidak balas
2021-01-20 09:06:33+00:00,"@RicAndreas @ninjaxpress_id @ninja_xpress_id Rata-rata di shopee pickup dari toko kok, gue buyer. Ga pernah ada masalah sama kurir lain selama 4-5 tahunan walaupun bukan sistem drop-off, giliran kmrn ngeklik Ninja krn lupa alihin opsi ke J&amp;T langsung begini.",shopee ambil toko beli tidak masalah kurir lain tahun sistem drop gilir kemarin ninja lupa opsi jnt langsung
2020-09-26 08:34:24+00:00,@irfananh @ninja_xpress_id wes direfund sama shopee duitnya fan wkwkwk kepret ancen.,shopee uang tertawa
2021-10-13 09:44:09+00:00,"@ninja_xpress_id ini udah paling gila sih. dari tgl 10 sampe tgl 13 paket ga gerak, iya 3 HARI DI DROPOFF COUNTER.

konyol sih @ShopeeID kok bs rekanan freong sama ekspedisi buluk macem ini.

gila!
gk lagi2 deh. mending bayar ongkir, drpd freong tp smp berhari2 paket ga diapa2in. https://t.co/QEZ1Bsosk4",sudah gila sih tanggal sampai tanggal paket tidak gerak ya hari konyol sih bisa rekan ekspedisi gila tidak lagi deh lebih baik bayar ongkos kirim sampai paket tidak apa
2021-04-18 06:27:40+00:00,@ShopeeID @ShopeeCare udh jam segini koq msh blum jg dikirim?? Ngga diprioritasin ya paket yg hrsnya dikirim kmrn?? @ninja_xpress_id,sudah jam belum kirim tidak ya paket kirim kemarin
2021-04-23 02:56:06+00:00,"@jntexpressid Suru pick up yah ga pick up pick up. Uda live chat, uda telp. Sama aja nihil. Dan kalo hari ini ga dikirim, barang dagangan saya tercancel dari shopee. Kalo ga bisa punya fitur kayak @JNE_ID @ninja_xpress_id @sicepat_ekspres yah jangan ngikut!",suruh ambil ya tidak ambil ambil sudah hubung sudah telepon saja nihil hari tidak kirim barang dagang shopee tidak bisa fitur ya jangan
2021-05-05 16:10:52+00:00,"@JNECare 
Apa susahnya sih kalian yg mnghubngi kru kalian yg di tasik? Knp harus berbelit2??  @ShopeeID jg gk ada loyalitas ke mitranya. giliran gk di pickup dan kna pmbatalan otomatis toko kita yg buruk dan kena pinalty @ninja_xpress_id juga samanya. Gk pickup2 udh brhari2 https://t.co/LnIxeDJsLp",susah sih belit tidak loyalitas gilir tidak ambil otomatis toko buruk kena sama tidak ambil sudah
2021-04-30 05:11:59+00:00,@ninja_xpress_id @ShopeeID Haha kudu sabar emng min,tertawa sabar memang administrator
2020-10-01 15:58:58+00:00,"@ninja_xpress_id @ShopeeID SHP3765067417
Kok gak seperti biasanya yang secepat ninja.",tidak cepat ninja
2021-11-14 13:35:57+00:00,Astaghfirullah tobat deh belanja di Shopee pake @ninja_xpress_id. Udah seminggu ga nyampe2 paket dari cirbeon ke surabaya. Dibilang alamat gue ga ditemukan. Padahal paket2 lain gue dari shopee semua pasa nyampe aja ga susah. Tolong yaa https://t.co/0d34MnoCXO,tobat deh belanja shopee pakai sudah minggu tidak sampai paket surabaya bilang alamat tidak temu paket lain shopee sampai saja tidak susah tolong ya
2022-05-15 06:29:06+00:00,"Tolong banget reply, buyer ku kasian nungguin paketnya udh seminggu lebih, Padahal tinggal dibawa ke alamatnya @ShopeeID @ninja_xpress_id",tolong banget balas beli ku kasihan tunggu paket sudah minggu lebih tinggal bawa alamat
2020-10-25 00:09:48+00:00,"@ninja_xpress_id @ShopeeID Tolong dong percepat pengiriman, udah pesen dari tgl 19 sampe skrg blm juga dateng https://t.co/NYbsIHf2qK",tolong cepat kirim sudah pesan tanggal sampai belum datang
2020-10-26 03:16:50+00:00,@ninja_xpress_id @ShopeeID Tolong dong @ninja_xpress_id udan 3 hari pesan status masih nunggu pick-up.. https://t.co/GQHtVyulNc,tolong hari pesan status tunggu ambil
2022-04-23 09:12:22+00:00,@ninja_xpress_id tolong dong diperjelas paketku ga sampeÂ² terus status di Shopee sama di situs ninjaxpress nya beda. Tolong di bantu ya nomor resinya SHP4590026393 udah lewat estimasi waktu pengiriman 2 hari ni https://t.co/GrWszL8XAX,tolong jelas paket tidak sampai status shopee situs nya beda tolong bantu ya nomor sudah lewat estimasi waktu kirim hari
2020-10-28 23:38:12+00:00,"tolong dong paket saya beli di @ShopeeID udah 3 hari masih stuck aja, gak ada perubahan pake jasa kirim @ninja_xpress_id",tolong paket beli sudah hari macet saja tidak ubah pakai jasa kirim
2020-10-29 00:24:37+00:00,"tolong dong paket ku beli di @ShopeeID udah seharian masih gak gerak, gak ada perubahan @ninja_xpress_id mana isinya regulate jaehyun lagi yallah nyesel sumpahğŸ˜­ğŸ˜­",tolong paket ku beli sudah hari tidak gerak tidak ubah mana lagi sesal sumpah
2020-10-09 17:13:20+00:00,"@ninja_xpress_id @ShopeeID Tolong segera kirim paket saya, jangan sampe hilang!! SHP5983889717
Lama banget anying!!",tolong segera kirim paket jangan sampai hilang lama banget anjing
2021-11-12 02:58:21+00:00,Tolooooong yaaa @ShopeeID jangan pake @ninja_xpress_id ngelawaknya kebangetan !!!! paket udah 4 hari diam di tempat gak ada kejelasan.,tolong ya jangan pakai banget paket sudah hari diam tempat tidak jelas
2020-12-19 14:51:17+00:00,"Tolong ya, ini paket ngapa gada kabarnya sama sekali?! Dari tgl 15, sekarang 19. Manaaaaa paketnyaaaaaaaa?!
@ninja_xpress_id @ShopeeID https://t.co/WYdOaHn8ht",tolong ya paket tidak kabar sekali tanggal mana paket
2021-05-23 05:35:14+00:00,"ditransfer kembali. Sekali lagi terimakasih @ShopeeID @ShopeeCare atas perhatian &amp; solusinya. Mohon @ninja_xpress_id memperbaiki Layanan, karena baik seller &amp; pembeli jadi pihak yang sangat dirugikan. Dan dengan klarifikasi ini masalah saya anggap selesai sementara.",transfer kembali sekali lagi terima kasih perhati mohon baik layan baik jual beli rugi klarifikasi masalah anggap selesai
2021-05-23 05:35:13+00:00,"THREAD KLARIFIKASI MASALAH KOMPLAIN @ShopeeID @ShopeeCare @ninja_xpress_id 
CC : @Kemendag @kemkominfo @kemenhub151 @KSPgoid 
Terimakasih @ShopeeID atas perhatiannya terhadap masalah yang saya alami. 23/5/2021 saya sdh dikontak CS @ShopeeCare untuk permintaan maaf.",utas klarifikasi masalah komplain tukar terima kasih perhati masalah alami sudah layan langgan minta maaf
2021-05-05 23:37:17+00:00,"@dinario @JNECare @ShopeeID @ninja_xpress_id kenapa ya JNE dimana dimana lelet, terus nggk jelas kayag gini gan, kita disumatera juga ngalamin nih, barang ane monitor 7kg udh 6hari nggk ada kabar, malah ane salut sama @sicepat_ekspres alhamdulillah belum pernah lelet, brusan kirim case pc 14kg 3hr sampe dri jkt.",ya jne mana mana lambat tidak jelas juragan alami barang monitor kg sudah hari tidak kabar salut alhamdulillah belum lambat kirim kasus kg hari sampai jakarta
2021-03-22 05:46:27+00:00,"@Oline_BMI @ninja_xpress_id @ShopeeID Iyaaa. Kesel juga di shopee ga bisa milih jasa pengiriman sekarang :"""") skip info klo ternyata bisa diganti dalam 1 jam setelah check out :"""")",ya kesal shopee tidak bisa pilih jasa kirim informasi bisa ganti jam cek
2021-05-06 15:43:39+00:00,"@Riezky97383793 @JNECare @ShopeeID @ninja_xpress_id @sicepat_ekspres Iya..sumpah, pake @jntexpressid udah smpe 6X gk di pick up kurir ampe buruk rating toko sya, pake @ninja_xpress_id juga sma malah di sebut barang blum siap khan krng ajar @JNECare samanya jg, pas pake @sicepat_ekspres langsung tlp donk kurirnya lngsung pick up, salut..",ya sumpah pakai sudah sampai tidak ambil kurir sampai buruk nilai toko pakai sebut barang belum kurang ajar sama pas pakai langsung telepon kurir langsung ambil salut
2020-12-01 10:25:03+00:00,"@ShopeeID Min, udah nunggu 8 hari barang pesanan di shopee, pas itu pesen charger hp di mobil, eh di telpon ama shopee express id jakarta center buat konfirmasi brg. Besoknya ada notif kalo barang hilang, kenapa balikinnya uang sih min, kenapa kaga iPhone??ğŸ˜­",administrator sudah tunggu hari barang pesan shopee pas pesan mobil eh telepon shopee express id jakarta buat konfirmasi barang besok notifikasi barang hilang kembali uang sih administrator tidak iphone
2021-02-28 04:55:18+00:00,"wtb album only resonance pt 2 departure vers yg bisa keep 3.3 
yang bisa pengiriman shopee express/id express",album pt bisa bisa kirim shopee express id express
2022-05-27 13:02:10+00:00,"@sbtcon Kalo pickup di aku sicepat sama jnt tapi kalo anter barang shopee express, id express sama sicepat sih, pada demen nganter barang pagiğŸ˜­ğŸ˜­ğŸ˜­",ambil sicepat jnt antar barang shopee express id express sicepat sih suka antar barang pagi
2022-04-27 21:19:38+00:00,"@areinug Asli, pernah di tanyain juga ke csnya, anter aja, shopee express, id express dan temen temennya, apakah mereka menerima training yg sama dengan kurir sicepat / j&amp;t yg beradab dan bersedia mencet bel ğŸ˜‚",asli antar saja shopee express id express teman teman terima latih kurir sicepat juta adab sedia bel
2021-04-09 21:54:06+00:00,"@txtdarionlshop Padahal bagus tuh, j&amp;t express, id express, shopee express. Cuma skrg gak bisa pilih eh malah dikurangi gimanasi pdhl uda pada bener mereka paling cepet",bagus juta express id express shopee express tidak bisa pilih eh rang sudah benar cepat
2022-05-07 23:40:40+00:00,"@convomf Banyak, tp tergantung tokonya jg. Biasanya ada jne j&amp;t sicepat shopee express id express.",banyak gantung toko jne juta sicepat shopee express id express
2021-10-26 04:53:43+00:00,"Beda lagi sama shopee express, sicepat sama ID express. ID mendingan sih sekarang. Shopee sama sicepat astagfirullah, ada aj yg penyok2 walaupun isinya gk ikutan penyok, agak lama juga nyampenya",beda lagi shopee express sicepat id express id sih shopee sicepat astagfirullah saja penyok tidak penyok lama sampai
2022-08-23 07:55:03+00:00,"Belum lagi kurir antar barang seperti di JNE, J&amp;T, Tiki, Shopee Express, ID Express, dll. sebagian besar dibayar per barang yg selesai dikirimkan, antara 1.000 - 2.000 rupiah saja.

Sementara motor, bensin, HP, pulsa, dll kurir yg menanggung.

Selengkapny: https://t.co/LtFhldg18S",belum lagi kurir antar barang jne juta tik shopee express id express lain lain besar bayar barang selesai kirim rupiah saja motor bensin pulsa lain lain kurir tanggung
2022-06-21 08:26:33+00:00,"Berapa Penghasilan Kurir  JNE, Sicepat, TIKI, Ninja, Shopee Express, ID ... https://t.co/1YEPTVWbLT",berapa hasil kurir jne sicepat tik ninja shopee express id
2021-07-01 13:53:05+00:00,@quitesonder @samarindabase kayanya itu besok udah berubah deh ka statusnya. biasanya aku pake shopee express/id express cepet sih,besok sudah ubah deh kakak status pakai shopee express id express cepat sih
2022-05-01 07:03:23+00:00,"Kalau pada bilang kan lebaran jadi wajar paket telat, mohon maap ini expedisi tiap gue beli barang dengan expedisi ini pasti telat mulu, harusnya 3 hari jadi 6 hari dst. 

Dan expedisi lain kayak macam sicepat, shopee express, id express, anteraja gak ada tuh yg telat.",bilang lebaran wajar paket lambat mohon maaf ekspedisi beli barang ekspedisi pasti lambat melulu hari hari ekspedisi lain sicepat shopee express id express anteraja tidak lambat
2021-08-30 02:32:22+00:00,"@GGSell_fess Aku bisa nder, mau ekspedisi apa? Aku Deket smua, ada SICEPAT, JNT, SHOPEE EXPRESS, ID EXPRESS, JNE, ANTERAJA, Shopee aku juga udah Freeong X-tra^^ insyaallah bisa packing cepat, udah biasa packing untuk wts^^",bisa kak mau ekspedisi dekat sicepat jnt shopee express id express jne anteraja shopee sudah gratis ongkos kirim insyaallah bisa emas cepat sudah emas
2021-06-08 05:12:34+00:00,"Kalo bisa milih mah, ga bakal pake Shopee Express/ID Express. Soalnya ga jelas parahhhhğŸ‘ğŸ‘ğŸ‘",bisa pilih mah tidak pakai shopee express id express tidak jelas parah
2021-02-18 12:55:44+00:00,"@txtdarionlshop Blibli : buat belanja elektronik. Gratis ongkir pengiriman instant ataupun sameday.

Lazada : kalo ada diskon gila2an macam Adidas.

Shopee : baru2 ini pake karena kerja di ID Express. ID express ongkirnya murah, cepet sampenya.",buat belanja elektronik gratis ongkos kirim kirim hari lazada diskon shopee baru pakai kerja id express id express ongkos murah cepat sampai
2021-08-19 13:34:53+00:00,"Cek cctv juga cuman 1 kurr yg dateng dan itu dari JNE dan barang yg beda, bukan barang yg saya cari yg pake shopee express id dan KATANYA udah sampe @ShopeeID",cek datang jne barang beda barang cari pakai shopee express id sudah sampai
2021-04-05 17:01:20+00:00,"Co 3 barang pake kurir yg beda""
Shopee express
Id express 
J&amp;t express 
Barengan kemaren siang dikirim,paling cepet sampe ya j&amp;t 
@jntexpressid lop yuuu",co barang pakai kurir beda shopee express id express juta express bareng kemarin siang kirim cepat sampai ya juta cinta ayo
2021-08-07 10:02:38+00:00,@sellkpopfess Aku dom Jakarta deket banyak pengiriman jnt jne shopee Express id Xpress dll btw aku luang juga sih gampang dihubungi,domisili jakarta dekat banyak kirim jnt jne shopee express id lain lain omong omong luang sih gampang hubung
2022-02-07 07:04:17+00:00,"2 ekspedisi ter nazij :
Shopee Express
ID Express

Kalo lagi flash sale mana sempat ganti kurir dulu tau tau dapet dua kurir diatas :'). Belum ""percobaan pengiriman paket gagal"" belum afdol kayanya buat mereka berdua.",ekspedisi ter shopee express id express lagi diskon mana ganti kurir dulu tahu tahu kurir belum coba kirim paket gagal belum afdol buat dua
2021-04-15 03:50:39+00:00,"@AkangFlint @txtdarionlshop Tergantung, pengiriman default dari tokonya pake apa.. kadang shopee express/id express/jnt",gantung kirim toko pakai kadang shopee express id express jnt
2021-01-20 00:42:57+00:00,"@PamerSale_ vc freeong tuh beda2. ada yg bisa dipake untuk minbel 0, 30k, 90k, 120k. nah biasanya yg 0 sm 30k itu pake jasa shopee express, ID express sm jnt. kalo yg minbelnya gede itu jne. tergantung tokonya jg, dia masang freeong buat ekspedisi yg murah apa engga",gratis ongkos kirim beda bisa pakai pakai jasa shopee express id express jnt besar jne gantung toko gratis ongkos kirim buat ekspedisi murah tidak
2021-08-04 14:56:49+00:00,"@78O82 Hi Kak, mimin bntu info ya, utk aktifin jasa kirim yg mendukung metode bayar COD, kamu bisa klik Saya &gt; Toko Saya &gt; Jasa Kirim Saya &gt; aktifkan jasa kirim J&amp;T Express, Shopee Express &amp; ID Express. Info lengkapnya bisa diintip dsni https://t.co/VynBqKwHhY ya. Stay fit ğŸ™ğŸ» ^PM",hai kak administrator bantu informasi ya aktif jasa kirim dukung metode bayar bayar tempat bisa klik begitu toko begitu jasa kirim begitu aktif jasa kirim juta express shopee express id express informasi bisa
2021-09-28 08:26:07+00:00,"@sellkpopfess hi nderr aku dom jakarta, untuk fee kalo alat bahan dari km feenya bisa 3-5k/paket, kebetulan rmhku deket sama bnyk ekspedisi, ada j&amp;t jne sicepat shopee express &amp; id express nder",hai kak domisili jakarta biaya alat bahan biaya bisa paket betul dekat banyak ekspedisi juta jne sicepat shopee express id express kak
2021-07-20 17:23:31+00:00,"@pweacheisbitte Hai kak jgn bingung ya. Utk Metode pembayaran COD di Shopee dapat didukung dengan jasa kirim J&amp;T Express, Shopee Express, ID Express. detailnya kmu  bisa lihat di link berikut https://t.co/MlYC9UM5Tu klo ada pertanyaan jgn sungkan buat DM mimin. Sehat SelaluğŸ™ğŸ»^RB",hai kak jangan bingung ya metode bayar bayar tempat shopee dukung jasa kirim juta express shopee express id express bisa lihat taut
2021-08-01 14:09:12+00:00,"@bagaas_hermawan Hai kak, maaf bikin kamu bingung yah, mimin infoin Metode pembayaran COD dapat digunakan bersamaan dengan jasa kirim J&amp;T Express, Shopee Express, ID Express dan JNE (Pengiriman dari luar negeri) di Shopee. Kalau masih bingung colek mimin lewat Dm yah kak, met beraktivitas^FP",hai kak maaf buat bingung ya administrator metode bayar bayar tempat sama jasa kirim juta express shopee express id express jne kirim negeri shopee bingung colek administrator lewat pesan langsung ya kak selamat aktivitas
2021-05-16 02:20:43+00:00,"@farhanlontong Hallo kak,  mimin infokan yah jasa kirim yang mendukung pembayaran COD meliputi jasa  kirim J&amp;T Express, Shopee Express, ID Express dan JNE (Pengiriman dari luar negeri) dont worry, metode pembayaran ini akan tersedia untuk jasa kirim lain di masa mendatang, semoga membantu ^EF",halo kak administrator ya jasa kirim dukung bayar bayar tempat liput jasa kirim juta express shopee express id express jne kirim negeri jangan khawatir metode bayar sedia jasa kirim lain moga bantu
2021-07-31 06:21:01+00:00,"@Ms_putra23 halo kak putra, jangan bingung. untuk metode bayar COD hanya bisa digunakan dengan jasa kirim J&amp;T Express, Shopee Express, ID Express dan JNE. untuk lengkapnya, kamu bisa klik link ini : https://t.co/InWgT5xnrj kuy di cek dan moga membantu :) ^SW",halo kak putra jangan bingung metode bayar bayar tempat bisa jasa kirim juta express shopee express id express jne bisa klik taut
2021-08-19 13:33:49+00:00,"Chat prioritas shopee kok gabisa terus yaaa? Mau nanya nih barang saya pake shopee express id disitunya udah diterima tapi dari tadi saya cari gak ada, dari kurir lain aman2 aja, ini di rumah gak ada, di security gak ada juga @ShopeeID",hubung prioritas shopee tidak bisa ya mau tanya barang pakai shopee express id sudah terima cari tidak kurir lain aman saja rumah tidak tidak
2020-12-12 02:39:18+00:00,"@PartaiSocmed @salahsambungya @JNE_ID jarang pake jne karena di shopee minimal dapet free ongkirnya lbh mahal haha, seringnya pake sicepat,anter aja sama j&amp;t. kalo dah kebelet pengen murah banget biasa pake ninja express/ID express",jarang pakai jne shopee minimal bebas ongkos lebih mahal tertawa pakai sicepat antar saja juta sudah murah banget pakai ninja express id express
2021-03-09 15:03:21+00:00,"Jasa pengiriman paling males tu ninja express id express shopee express, yg ada express2 di namanya tuh justru lama bgt nyampe nyağŸ™‚",jasa kirim malas ninja express id express shopee express express nama lama sekali sampai nya
2022-07-26 04:59:59+00:00,"@sbtcon Jnt jne shopee express id express, pokoknya selain ant3raja sama sifast",jnt jne shopee express id express pokok
2021-10-08 00:16:26+00:00,"jnt, shopee express, id express",jnt shopee express id express
2020-11-29 05:52:45+00:00,"@tanyainrl Jnt, shopee express, id express, sicepat, ninja standar 

Jne lama digateway mulu heran.",jnt shopee express id express sicepat ninja standar jne lama melulu heran
2021-04-15 02:10:48+00:00,"@txtdarionlshop JnT, Sicepat, Shopee express, ID express udah hapal rumahku.",jnt sicepat shopee express id express sudah hafal rumah
2021-03-18 06:25:25+00:00,"Ini seller jadinya random dong ngirimnya? Kalo dia ada shopee express, id express, ninja express, paket kita dikirim kesitu? Shopee express dari jkt-pwt aja seminggu wkwk padahal ekspedisi lain 2-3 hari juga nyampeğŸ™‚ @ShopeeID https://t.co/kJap8sYqIr",jual shopee express id express ninja express paket kirim shopee express jakarta saja minggu tertawa ekspedisi lain hari sampai
2021-08-05 17:02:45+00:00,"kak ini gitu aumu kaya di lukis boleh beli di indomaret â€” iya pake shopee express id biasanya, mksih ya https://t.co/c9TesLeJJI",kak begitu lukis boleh beli ya pakai shopee express id terima kasih ya
2020-12-24 04:10:34+00:00,"@ailuropile Kena potongan 20rb dari shopee nya beb. 
Kalo pake yg Express ID emg mahal, 30an https://t.co/IOJ7kQhAqD",kena potong ribu shopee nya sayang pakai express id memang mahal an
2022-06-05 02:02:26+00:00,"@convomfs Kalau ditoko ku hemat biasanya sicepat halu, regular j&amp;t anteraja shopee express id express, kalau kargo tuh sicepat gokil atau jtr (jne trucking) ini buat paket yang biasanya beratnya lebih dari 10kg",ku hemat sicepat halu regular juta anteraja shopee express id express kargo sicepat gila jne trucking buat paket berat lebih kg
2021-10-14 14:08:11+00:00,Kurir Shopee express ID minta di viralin sepertinya.. Wtf @ShopeeCare @ShopeeID bad attitude.,kurir shopee express id buruk
2021-03-01 06:31:25+00:00,"@discountfess Lama shopee express, id express cepat, klo g ada, + ongkir pake jnt",lama shopee express id express cepat tidak ongkos kirim pakai jnt
2022-05-12 13:06:20+00:00,@twinkledobbyu @jntexpressid Sekarang enakan pake shopee express id dahh,lebih enak pakai shopee express id sudah
2021-10-19 17:21:14+00:00,SEMUA PELUNASAN BISA BY SHOPEE dan MANUAL (J&amp;T Express/ID Express) YAAA ğŸ’›,lunas bisa shopee manual juta express id express ya
2021-12-28 17:44:30+00:00,"mau jd admin packing donk, klo ada yang btuh dm aj ya rumah w dket sama ekspedisi apa aja (jnt,jne,shopee express,id express dll) fee murah tergantung per minggu brp kali packing. btw dom tangerang !",mau administrator emas butuh pesan langsung saja ya rumah dekat ekspedisi saja jnt jne shopee express id express lain lain biaya murah gantung minggu berapa kali emas omong omong domisili tangerang
2020-01-29 10:31:38+00:00,"@ohmybeautybank Sini sini yang mau coba dulu~
Aku ada sleeping masknya jugağŸ¥°

â€¢ Free ongkir via Shopee
â€¢ COD, bisa gosend/grab express
â€¢ ID Shopee: SUNSHXNE ğŸ“",mau coba dulu bebas ongkos kirim shopee bayar tempat bisa gosend grab express id shopee
2022-06-03 08:32:52+00:00,@tanyarlfes Mesti gitu klo pake shopee express/id express. Notif di pelacakannya lama banget berubahnya. Ntar tau tau paketnya sampe depan rumah tapi notifnya ttp ga ganti,mesti begitu pakai shopee express id express notifikasi lama banget sebentar tahu tahu paket sampai depan rumah notifikasi tidak ganti
2021-04-05 02:08:31+00:00,"@anderlyons @PamerSale_ jadi ada counter yang isinya ninja, lelexpress, shopee express, id express dalam satu tempat, nah yang gt juga nerima kok buat ngirim shopee",ninja shopee express id express tempat begitu terima buat kirim shopee
2021-10-27 06:59:57+00:00,"kek nya itu paket yg bermasalah daerahÂ² tertentu doang dehh... gue hidup di cilacap jawa tengah sering jajan di sopi amanÂ² aja dari dulu.. dari ekspedisi sicepat, anteraja, j&amp;t, shopee express, id express apa lagi yaa.... AMAN DEHH ALHAMDULILLAH",nya paket masalah daerah doang deh hidup cilacap jawa sering jajan shopee aman saja dulu ekspedisi sicepat anteraja juta shopee express id express lagi ya aman deh alhamdulillah
2020-12-11 23:54:35+00:00,"@jajanbhlabels Kamu pke ekspedisinya jne ya? Kalo jne emng min belanja 300k huhu, ga ngaruh meski di tgl kembar :(
Selain jne kyk jnt, sicepat, shopee express, id express, dll bisa",pakai jne ya jne memang administrator belanja tidak pengaruh tanggal kembar jne jnt sicepat shopee express id express lain lain bisa
2021-02-20 01:43:21+00:00,@kembaransilent Pakai Shopee Express &amp; ID Express Gratis,pakai shopee express id express gratis
2021-03-20 03:57:17+00:00,"@undipmenfess Reguler aku dptnya: SiCepat Halu, JNT, Shopee Express, ID Express.

Pokoke yg paling murah",reguler dapat sicepat halu jnt shopee express id express murah
2021-08-13 07:54:48+00:00,"-rek ada yang beli barang di shopee pake ekspedisi id express? id express kan lagi ada problem berhenti beroprasi dan call centernya juga mati, aku udh bingung bgt gimana nasib paketkuğŸ˜­ğŸ˜­ğŸ˜­",rekening beli barang shopee pakai ekspedisi id express id express lagi masalah henti operasi panggil mati sudah bingung sekali nasib paket
2022-08-02 05:44:59+00:00,"@kpopstorebase rumahku kebetulan deket beberapa ekspedisi, jnt, sicepat, shopee express, id express",rumah betul dekat ekspedisi jnt sicepat shopee express id express
2020-10-28 03:05:34+00:00,Salah pilih ekspedisi kmrn tu. pke shopee express id mmg murah tapi lamaaaaaa,salah pilih ekspedisi kemarin pakai shopee express id memang murah lama
2021-03-19 00:29:51+00:00,@kimjiwoniec @discountfess Sedih bgt kebagian shopee express / id expressğŸ˜­,sedih sekali bagi shopee express id express
2021-06-12 03:09:42+00:00,"nissa bgt ini mah 3 kurir dateng bareng tapi beda ekspedisi. shopee express, id express, j&amp;t expressğŸ˜­ğŸ˜­ğŸ‘ğŸ»",sekali mah kurir datang bareng beda ekspedisi shopee express id express juta express
2020-09-26 04:31:08+00:00,"@newsplatter Aku sengaja nyebar antara j&amp;t, sicepat, ninja, shopee express, id express (selama masi free ongkir). Biar teamnya ga cape bolbal ke rumah terus. ğŸ™ˆ",sengaja juta sicepat ninja shopee express id express bebas ongkos kirim biar tidak lelah rumah
2022-05-26 06:19:24+00:00,"w nyesel bgt pasang ekspedisi shopee express ID, susah banget request pick up trs kirain counter buka hariini ternyata tutup sial:( udh effort gerak naik motor jauh jauh",sesal sekali pasang ekspedisi shopee express id susah banget ambil buka tutup sial sudah gerak naik motor jauh jauh
2021-12-29 11:10:40+00:00,@enhypenmart shopee express id ğŸ‘ğŸ‘ğŸ‘ğŸ‘ğŸ‘ğŸ‘,shopee express id
2022-09-03 08:08:17+00:00,Shopee express id beneran express bgt wkwkwkkw skr plg cepet keknya dia ğŸ‘ğŸ¼ğŸ‘ğŸ¼ğŸ‘ğŸ¼ğŸ‘ğŸ¼ jd semangat nyopiii,shopee express id benar express sekali cepat semangat
2021-09-08 05:52:23+00:00,shopee express id bisa cepet lebih cepet gak yaa..ğŸ‘©â€ğŸ¦¯ atau oljack hue suruh jalan sendiri aja ke depok tapi gapapa bismillah potter,shopee express id bisa cepat lebih cepat tidak ya suruh jalan sendiri saja depok tidak bismillah
2022-05-28 00:01:48+00:00,Shopee express ID luar biasa cepet banget pengirimannya d antara ekspedisi yg lain ğŸ«¶ğŸ»ğŸ«¶ğŸ»,shopee express id cepat banget kirim ekspedisi lain
2021-03-13 01:04:11+00:00,"@discountfess Shopee express, id express",shopee express id express
2021-04-16 03:52:02+00:00,"@d_derraa @txtdrikurir Shopee express, id express, anteraja. Kalo yang lain gatau belum pernah pake.",shopee express id express anteraja lain tidak tahu belum pakai
2021-03-30 16:23:14+00:00,@tanyainrl shopee express id express dulu difoto-_-,shopee express id express dulu foto
2021-07-16 01:23:30+00:00,"@csyxweishin @JPLACE093 @ohmybeautybank shopee express, id express, jne, jnt, anteraja, itu langganan ke rumah karena ibu sering belanja onlen juga. KALO MAU BELI DALEMAN GITU JDI HARUS PAKE NAMA IBU BIAR GAK MALUğŸ˜£ğŸ˜£ğŸ‘",shopee express id express jne jnt anteraja langgan rumah ibu sering belanja daring mau beli begitu pakai nama ibu biar tidak malu
2021-03-09 07:00:35+00:00,"@ssefnum Shopee express, id express lama banget",shopee express id express lama banget
2021-03-15 06:29:10+00:00,@erinajajan shopee express/id express murah nder,shopee express id express murah kak
2021-02-04 06:55:37+00:00,"shopee express, id express, antaraja sudah pasti foto dan ga ijin dulu. please lah ga usah ada aturan buat kurir foto paket dengan penerimanya segala. beneran ga nyaman dan gatau apakah foto kita akan disalahgunakan atau tidak",shopee express id express sudah pasti tidak izin dulu tolong tidak atur buat kurir paket terima benar tidak nyaman tidak tahu tidak
2021-03-25 11:18:52+00:00,shopee express/id express ga beres dah. kaga bisa tracking barang kaga jelas dimane.,shopee express id express tidak beres sudah tidak bisa lacak barang tidak jelas
2021-05-27 08:36:13+00:00,ini shopee express id itu klo mau komplain tuh kemana yağŸ¤”ğŸ¤”udah mau seminggu dah,shopee express id mau komplain mana ya sudah mau minggu sudah
2020-10-16 02:39:49+00:00,Shopee express id guys,shopee express id teman teman
2021-07-20 14:17:18+00:00,@08oct02 shopee express id yo cepet,shopee express id ya cepat
2021-03-05 07:47:19+00:00,"@seoxmin_ kynya shopee smua lg stuck deh... aku mau pake jnt, shopee express, id express, stuck smuaa",shopee macet deh mau pakai jnt shopee express id express macet
2021-05-11 10:30:21+00:00,"@labitchesse Kalo di shopee ga bisa milih tsaay, bingung juga waak, kalo ga shopee express, Id express ya dapetnya sicepat. Apakah kalian putus mitra sama shopee?",shopee tidak bisa pilih bingung tidak shopee express id express ya dapat sicepat putus mitra shopee
2021-03-21 01:21:01+00:00,"@ShopeeID shopee gak mau ubah sistem pilihan pengiriman seperti dulu lagi ?
jujur sekarang gak enak banget buat pembeli !
yang ada shopee lama2 ditinggalin kalo begini pilihan pengiriman.
gue dapat kurir yang lama mulu ke alamat gue !
gue biasa pakai J&amp;T EXPRESS / ID EXPRESS ğŸ˜ ",shopee tidak mau ubah sistem pilih kirim dulu lagi jujur tidak enak banget buat beli shopee lama pilih kirim kurir lama melulu alamat pakai juta express id express
2021-03-14 01:25:30+00:00,"Kalau di Shopee/Tokopedia bisa pilih delivery dengan biaya kirim murah:
Sicepat Halu
Ninja Express
ID Express
Sicepat Reguler
Anteraja

Kargo: (kalau beli banyak)
JNE JTR
Sicepat Gokil

Same Day delivery:
Grab
Gojek
Anteraja Same-day
Yuk bantu order, Insyaallah nggak bakal kecewa https://t.co/vo5WZwfv6y",shopee tokopedia bisa pilih kirim biaya kirim murah sicepat halu ninja express id express sicepat reguler anteraja kargo beli banyak jne sicepat gila kirim grab gojek anteraja ayo bantu pesan insyaallah tidak kecewa
2021-08-12 07:04:37+00:00,"@heetyuni si cepat, shopee express, id express kalau gasalah",si cepat shopee express id express tidak salah
2021-02-15 04:00:46+00:00,"@ShopeeCare siang, mau tanya dengan no resi di IDS004767404576 , dikirim dengan Shopee Express / ID Express bukan ya?",siang mau tanya nomor resi kirim shopee express id express ya
2021-03-19 08:48:54+00:00,"@rismawirawan Sicepat, anteraja, shopee express, id express mbak. Awalnya cuma sicepat aja sih lalu semingguan kemarin coba aktifin lain2nya yang lebih murah (karena pada request).

Aku lebih bingung sbg pembeli sih haha pengennya pake sicepat aja gt tp kok ribet bgt skrg caranya",sicepat anteraja shopee express id express kakak sicepat saja sih kemarin coba aktif lain lebih murah lebih bingung beli sih tertawa pakai sicepat saja begitu ribet sekali
2021-03-10 05:48:56+00:00,"@mamalembot 1. Sicepat âœ¨
2. J&amp;T
3. Shopee express, ID express
.
.
.
.
10007. JNE ğŸ¥µ",sicepat juta shopee express id express jne
2021-10-14 12:04:34+00:00,Udah gak ngerti lagi sama Shopee Express / ID Express. Paket di tahan 2 hari di tiap daerah. Udah sampai tujuan pun di tahan 2 hari gak di kirim ke tujuan langsung. #kecewaberat #idexpress https://t.co/5hpUQQqfmS,sudah tidak erti lagi shopee express id express paket tahan hari daerah sudah sampai tuju tahan hari tidak kirim tuju langsung
2020-11-15 14:03:08+00:00,"@herrysw Klo di tempat saya juaranya Anteraja, siCepat, J&amp;T selanjutnya ini, Shopee Express, ID Express, JNE, kadang sih cepet, tapi lebih  banyak lemot nya. Paling favorit Anteraja &amp; siCepat Halu, udah cepet, tarifnya paling murah dari semuanya ğŸ¤­",tempat juara anteraja sicepat juta shopee express id express jne kadang sih cepat lebih banyak lambat nya favorit anteraja sicepat halu sudah cepat tarif murah
2022-09-24 04:25:40+00:00,"@ShopeeID , kenapa g bisa jemput paket gw sendiri.
Gw beneran mw pergi 2 minggu.
Susah bgt mw tau dimana kantor kalian dibanjarmasin utk Shopee express id.
Itu mw gw pake rencana.
Kek mana nunggu 3 hari, g ada org d rumah!!!!!!
Kapok pake shopee express id. https://t.co/algdueaC5L",tidak bisa paket sendiri benar mau pergi minggu susah sekali mau tahu mana kantor shopee express id mau pakai rencana mana tunggu hari tidak orang rumah kapok pakai shopee express id
2021-05-23 03:05:50+00:00,"Tolong @ShopeeID shopee express id dibenahi lagi. Ini 3 hari muter2 di jakarta loh. Pake jnt biasanya 3 hari sampai. Kalau emang ga sanggup bikin ekspedisi, mending dibalikin kaya dulu lagi aja sistemnya. CO udah jauh2 hari karena senin barang dipakai, tapi percuma banget, https://t.co/kjqVxbsSB5",tolong shopee express id lagi hari putar jakarta loh pakai jnt hari sampai memang tidak sanggup buat ekspedisi lebih baik dulu lagi saja sistem co sudah jauh hari senin barang pakai banget
2022-04-23 13:52:59+00:00,"@noodelzip iyaa emang aku selalu dpt kurir yang sama kalo dari shopee express, id express sm anteraja. kayaknya mereka emg wilayah kerjanya ditugasin buat kirim di komplekku gitu deh (?)",ya memang kurir shopee express id express anteraja memang wilayah kerja buat kirim begitu deh
2021-02-02 05:42:20+00:00,"@piockyjr iyaa emang, shopee express/id express gitu tuh belum mencakup luas. kayak nya baru id express jabodetabek(?) tapi gatau juga di daerah lain",ya memang shopee express id express begitu belum cakup luas nya baru id express jabodetabek tidak tahu daerah lain
2021-02-17 01:30:40+00:00,"@yhaankyu_ Iya, dm ajasih kalo gue biasanya di jnt/shopee express/id express",ya pesan langsung jnt shopee express id express
2021-06-30 07:57:18+00:00,"@yoonca3993 Iya sihh... Aku soalnya masuk perkotaan bngt. Jnt, jne, shopee express, id express, kayak deketan gt... Pasti adaa di tiap nama desa",ya sih masuk kota sekali jnt jne shopee express id express begitu pasti nama desa
